,AG,BF,China,Denmark,GH,Israel,SW,UK,US
AG,nan,0.05,0.23076923076923078,0.35294117647058826,0.047619047619047616,0.25,0.3,0.2,0.3333333333333333
BF,0.05,nan,0.07142857142857142,0.1,0.16666666666666666,0.14285714285714285,0.25,0.21052631578947367,0.21052631578947367
China,0.23076923076923078,0.07142857142857142,nan,0.3076923076923077,0.0,0.26666666666666666,0.25,0.2,0.2857142857142857
Denmark,0.35294117647058826,0.1,0.3076923076923077,nan,0.21052631578947367,0.4444444444444444,0.5,0.47058823529411764,0.5625
GH,0.047619047619047616,0.16666666666666666,0.0,0.21052631578947367,nan,0.08695652173913043,0.13043478260869565,0.14285714285714285,0.14285714285714285
Israel,0.25,0.14285714285714285,0.26666666666666666,0.4444444444444444,0.08695652173913043,nan,0.45,0.5882352941176471,0.6875
SW,0.3,0.25,0.25,0.5,0.13043478260869565,0.45,nan,0.47368421052631576,0.6470588235294118
UK,0.2,0.21052631578947367,0.2,0.47058823529411764,0.14285714285714285,0.5882352941176471,0.47368421052631576,nan,0.7333333333333333
US,0.3333333333333333,0.21052631578947367,0.2857142857142857,0.5625,0.14285714285714285,0.6875,0.6470588235294118,0.7333333333333333,nan
