,AG,China,DM,Denmark,Israel,KY,SW,Sweden,US
AG,nan,0.12244897959183673,0.47058823529411764,0.07142857142857142,0.075,0.41509433962264153,0.09302325581395349,0.1590909090909091,0.18181818181818182
China,0.12244897959183673,nan,0.16,0.12,0.13043478260869565,0.13725490196078433,0.15384615384615385,0.13333333333333333,0.16666666666666666
DM,0.47058823529411764,0.16,nan,0.09090909090909091,0.12195121951219512,0.4716981132075472,0.08695652173913043,0.17391304347826086,0.2222222222222222
Denmark,0.07142857142857142,0.12,0.09090909090909091,nan,0.3333333333333333,0.11627906976744186,0.1111111111111111,0.2631578947368421,0.25
Israel,0.075,0.13043478260869565,0.12195121951219512,0.3333333333333333,nan,0.15,0.2,0.375,0.35294117647058826
KY,0.41509433962264153,0.13725490196078433,0.4716981132075472,0.11627906976744186,0.15,nan,0.1111111111111111,0.22727272727272727,0.27906976744186046
SW,0.09302325581395349,0.15384615384615385,0.08695652173913043,0.1111111111111111,0.2,0.1111111111111111,nan,0.18181818181818182,0.17391304347826086
Sweden,0.1590909090909091,0.13333333333333333,0.17391304347826086,0.2631578947368421,0.375,0.22727272727272727,0.18181818181818182,nan,0.55
US,0.18181818181818182,0.16666666666666666,0.2222222222222222,0.25,0.35294117647058826,0.27906976744186046,0.17391304347826086,0.55,nan
